scenario,algorithm,grid_size,obstacle_probability,run,runtime_ms,memory_bytes,path_found,path_length,nodes_expanded,nodes_discovered,total_cost
open,bfs,100,0.0,0,80.46740014106035,1704808,True,199,10000,10000,
open,dfs,100,0.0,0,46.483999816700816,1783496,True,4951,5149,10000,
open,dijkstra,100,0.0,0,128.09840007685125,2004512,True,199,10000,10000,198
open,astar,100,0.0,0,120.67129998467863,1996464,True,199,10000,10000,198
open,bfs,100,0.0,1,76.5829998999834,1703184,True,199,10000,10000,
open,dfs,100,0.0,1,48.33050002343953,1783408,True,4951,5149,10000,
open,dijkstra,100,0.0,1,130.86250005289912,1996656,True,199,10000,10000,198
open,astar,100,0.0,1,125.50500012002885,1996424,True,199,10000,10000,198
open,bfs,100,0.0,2,80.15520009212196,1703144,True,199,10000,10000,
open,dfs,100,0.0,2,47.5401000585407,1783368,True,4951,5149,10000,
open,dijkstra,100,0.0,2,136.366399936378,1996624,True,199,10000,10000,198
open,astar,100,0.0,2,135.6742000207305,1996392,True,199,10000,10000,198
open,bfs,100,0.0,3,77.63860002160072,1703112,True,199,10000,10000,
open,dfs,100,0.0,3,48.19929995574057,1783336,True,4951,5149,10000,
open,dijkstra,100,0.0,3,128.48379998467863,1996584,True,199,10000,10000,198
open,astar,100,0.0,3,125.32120011746883,1996352,True,199,10000,10000,198
open,bfs,100,0.0,4,80.64569998532534,1703072,True,199,10000,10000,
open,dfs,100,0.0,4,48.171899979934096,1783296,True,4951,5149,10000,
open,dijkstra,100,0.0,4,126.34419999085367,1996552,True,199,10000,10000,198
open,astar,100,0.0,4,123.06470004841685,1996320,True,199,10000,10000,198
sparse,bfs,100,0.1,0,68.3230001013726,1612752,True,199,8974,8974,
sparse,dfs,100,0.1,0,12.231000000610948,605808,True,1169,1255,2869,
sparse,dijkstra,100,0.1,0,104.46939989924431,1906224,True,199,8974,8974,198
sparse,astar,100,0.1,0,98.34840008988976,1844872,True,199,7832,8057,198
sparse,bfs,100,0.1,1,64.31470019742846,1611304,True,199,8958,8958,
sparse,dfs,100,0.1,1,13.684900011867285,602912,True,1013,1668,3126,
sparse,dijkstra,100,0.1,1,104.85529992729425,1904920,True,199,8958,8958,198
sparse,astar,100,0.1,1,88.2373999338597,1797608,True,199,7416,7653,198
sparse,bfs,100,0.1,2,65.7150000333786,1614112,True,199,8990,8990,
sparse,dfs,100,0.1,2,14.761599944904447,607352,True,1093,1688,3325,
sparse,dijkstra,100,0.1,2,105.22140003740788,1907640,True,199,8990,8990,198
sparse,astar,100,0.1,2,92.35700010322034,1836112,True,199,7843,8083,198
sparse,bfs,100,0.1,3,65.1074000634253,1616928,True,199,9022,9022,
sparse,dfs,100,0.1,3,22.715599974617362,698880,True,1205,2773,4476,
sparse,dijkstra,100,0.1,3,103.81240001879632,1910552,True,199,9022,9022,198
sparse,astar,100,0.1,3,100.20620003342628,1871568,True,199,8193,8463,198
sparse,bfs,100,0.1,4,66.84479978866875,1616488,True,199,9017,9017,
sparse,dfs,100,0.1,4,42.20220004208386,1465184,True,847,5743,6934,
sparse,dijkstra,100,0.1,4,102.94239991344512,1909984,True,199,9017,9017,198
sparse,astar,100,0.1,4,92.3063000664115,1833464,True,199,7816,8062,198
dense,bfs,100,0.3,0,44.87060010433197,1449504,True,199,6914,6914,
dense,dfs,100,0.3,0,31.87779989093542,1240568,True,745,4816,5418,
dense,dijkstra,100,0.3,0,68.18390008993447,1743216,True,199,6914,6914,198
dense,astar,100,0.3,0,12.92740018106997,440208,True,199,1256,1469,198
dense,bfs,100,0.3,1,43.51510014384985,1449592,True,203,6821,6821,
dense,dfs,100,0.3,1,6.453600013628602,366408,True,637,922,1395,
dense,dijkstra,100,0.3,1,66.43929984420538,1743400,True,203,6821,6821,202
dense,astar,100,0.3,1,24.747899966314435,511920,True,203,2271,2496,202
dense,bfs,100,0.3,2,43.21120004169643,1449504,True,199,6761,6763,
dense,dfs,100,0.3,2,7.78859993442893,365984,True,575,1124,1553,
dense,dijkstra,100,0.3,2,67.2834999859333,1743408,True,199,6761,6763,198
dense,astar,100,0.3,2,10.954699944704771,349552,True,199,1094,1283,198
dense,bfs,100,0.3,3,43.91909996047616,1449504,False,,6840,6840,
dense,dfs,100,0.3,3,43.34569978527725,1453416,False,,6840,6840,
dense,dijkstra,100,0.3,3,68.14260012470186,1743440,False,,6840,6840,
dense,astar,100,0.3,3,73.32339999265969,1759192,False,,7232,6840,
dense,bfs,100,0.3,4,44.06309989280999,1449504,True,199,6861,6861,
dense,dfs,100,0.3,4,17.98680005595088,599928,True,791,2497,3109,
dense,dijkstra,100,0.3,4,66.01640000008047,1743408,True,199,6861,6861,198
dense,astar,100,0.3,4,21.799700101837516,511352,True,199,2109,2460,198
open,bfs,250,0.0,0,491.6601001750678,10226008,True,499,62500,62500,
open,dfs,250,0.0,0,314.75429981946945,10773536,True,31375,31375,62500,
open,dijkstra,250,0.0,0,867.9190999828279,13782808,True,499,62500,62500,498
open,astar,250,0.0,0,875.1569001469761,13782648,True,499,62500,62500,498
open,bfs,250,0.0,1,507.36359995789826,10226008,True,499,62500,62500,
open,dfs,250,0.0,1,304.5618999749422,10773536,True,31375,31375,62500,
open,dijkstra,250,0.0,1,855.516100069508,13782840,True,499,62500,62500,498
open,astar,250,0.0,1,867.1287000179291,13782648,True,499,62500,62500,498
open,bfs,250,0.0,2,508.1686000339687,10226008,True,499,62500,62500,
open,dfs,250,0.0,2,304.45159994997084,10773536,True,31375,31375,62500,
open,dijkstra,250,0.0,2,872.7537000086159,13782840,True,499,62500,62500,498
open,astar,250,0.0,2,876.5263999812305,13782648,True,499,62500,62500,498
open,bfs,250,0.0,3,501.76619994454086,10226008,True,499,62500,62500,
open,dfs,250,0.0,3,301.45490006543696,10773536,True,31375,31375,62500,
open,dijkstra,250,0.0,3,857.2142999619246,13782840,True,499,62500,62500,498
open,astar,250,0.0,3,872.6993000600487,13782648,True,499,62500,62500,498
open,bfs,250,0.0,4,495.7338999956846,10226008,True,499,62500,62500,
open,dfs,250,0.0,4,299.39229995943606,10773536,True,31375,31375,62500,
open,dijkstra,250,0.0,4,852.1250998601317,13782840,True,499,62500,62500,498
open,astar,250,0.0,4,863.3770998567343,13782648,True,499,62500,62500,498
sparse,bfs,250,0.1,0,419.50530000030994,9877544,True,499,56200,56200,
sparse,dfs,250,0.1,0,282.13070007041097,7227216,True,3717,37130,42465,
sparse,dijkstra,250,0.1,0,716.2890997715294,13146200,True,499,56200,56200,498
sparse,astar,250,0.1,0,645.350000122562,13319744,True,499,46217,47165,498
sparse,bfs,250,0.1,1,420.5181000288576,9877544,True,499,56211,56211,
sparse,dfs,250,0.1,1,204.9012000206858,6228040,True,2793,27082,31090,
sparse,dijkstra,250,0.1,1,726.3557000551373,13147520,True,499,56211,56211,498
sparse,astar,250,0.1,1,642.602999927476,13236520,True,499,47881,48895,498
sparse,bfs,250,0.1,2,420.54770002141595,9877544,True,499,56321,56321,
sparse,dfs,250,0.1,2,346.832700073719,10028280,True,2909,45483,49662,
sparse,dijkstra,250,0.1,2,731.6704001277685,13159216,True,499,56321,56321,498
sparse,astar,250,0.1,2,661.258399952203,13198592,True,499,49150,50138,498
sparse,bfs,250,0.1,3,420.8984998986125,9877456,True,499,56264,56264,
sparse,dfs,250,0.1,3,79.98299994505942,2430808,True,2651,10314,14138,
sparse,dijkstra,250,0.1,3,724.1719998419285,13151608,True,499,56264,56264,498
sparse,astar,250,0.1,3,651.3095998670906,13203072,True,499,48748,49708,498
sparse,bfs,250,0.1,4,419.39840000122786,9877544,True,499,56282,56282,
sparse,dfs,250,0.1,4,40.88770016096532,1656928,True,2787,4680,8831,
sparse,dijkstra,250,0.1,4,726.1149000842124,13151400,True,499,56282,56282,498
sparse,astar,250,0.1,4,644.1023000515997,13233024,True,499,47678,48650,498
dense,bfs,250,0.3,0,277.88950013928115,7185024,True,499,42835,42838,
dense,dfs,250,0.3,0,233.06800005957484,6573944,True,1577,34462,35661,
dense,dijkstra,250,0.3,0,475.04390007816255,9257560,True,499,42835,42838,498
dense,astar,250,0.3,0,40.479399962350726,875152,True,499,3437,4018,498
dense,bfs,250,0.3,1,0.029900111258029938,1120,False,,1,1,
dense,dfs,250,0.3,1,0.017300015315413475,360,False,,1,1,
dense,dijkstra,250,0.3,1,0.019600149244070053,584,False,,1,1,
dense,astar,250,0.3,1,0.02050003968179226,584,False,,1,1,
dense,bfs,250,0.3,2,279.2700999416411,7174464,True,501,42718,42718,
dense,dfs,250,0.3,2,254.1476001497358,6979088,True,1817,38852,40253,
dense,dijkstra,250,0.3,2,473.92140002921224,9276120,True,501,42718,42718,500
dense,astar,250,0.3,2,66.91950000822544,1886384,True,501,5688,6266,500
dense,bfs,250,0.3,3,0.05619996227324009,2232,False,,5,5,
dense,dfs,250,0.3,3,0.044999876990914345,1472,False,,5,5,
dense,dijkstra,250,0.3,3,0.05359994247555733,1696,False,,5,5,
dense,astar,250,0.3,3,0.05779997445642948,1696,False,,5,5,
dense,bfs,250,0.3,4,278.48029998131096,7181856,True,499,42802,42802,
dense,dfs,250,0.3,4,31.88649984076619,1463904,True,2747,4201,6326,
dense,dijkstra,250,0.3,4,477.15080017223954,9273656,True,499,42802,42802,498
dense,astar,250,0.3,4,50.5264000967145,1498432,True,499,4279,4995,498
open,bfs,500,0.0,0,2387.259499868378,44781432,True,999,250000,250000,
open,dfs,500,0.0,0,1401.1605998966843,46795168,True,124751,125749,250000,
open,dijkstra,500,0.0,0,4182.575800223276,62201336,True,999,250000,250000,998
open,astar,500,0.0,0,4546.793199842796,62201368,True,999,250000,250000,998
open,bfs,500,0.0,1,2793.002099962905,44781304,True,999,250000,250000,
open,dfs,500,0.0,1,1615.8979998435825,46795168,True,124751,125749,250000,
open,dijkstra,500,0.0,1,4666.036699898541,62201336,True,999,250000,250000,998
open,astar,500,0.0,1,4689.769200049341,62201368,True,999,250000,250000,998
open,bfs,500,0.0,2,2708.2903999835253,44781304,True,999,250000,250000,
open,dfs,500,0.0,2,1592.153700068593,46795168,True,124751,125749,250000,
open,dijkstra,500,0.0,2,4570.021199993789,62201336,True,999,250000,250000,998
open,astar,500,0.0,2,4703.422600170597,62201368,True,999,250000,250000,998
open,bfs,500,0.0,3,2697.42410001345,44781304,True,999,250000,250000,
open,dfs,500,0.0,3,1638.436899986118,46795168,True,124751,125749,250000,
open,dijkstra,500,0.0,3,4668.879899894819,62201336,True,999,250000,250000,998
open,astar,500,0.0,3,4829.536600038409,62201368,True,999,250000,250000,998
open,bfs,500,0.0,4,2817.928900010884,44781304,True,999,250000,250000,
open,dfs,500,0.0,4,1654.3580000288785,46795168,True,124751,125749,250000,
open,dijkstra,500,0.0,4,4684.746300103143,62201336,True,999,250000,250000,998
open,astar,500,0.0,4,4764.289999846369,62201368,True,999,250000,250000,998
sparse,bfs,500,0.1,0,2327.0012999419123,42229936,True,999,224773,224773,
sparse,dfs,500,0.1,0,2016.6702000424266,42575952,True,5977,189713,198526,
sparse,dijkstra,500,0.1,0,3950.5524998530746,58962480,True,999,224773,224773,998
sparse,astar,500,0.1,0,3667.8677999880165,57649488,True,999,193452,196769,998
sparse,bfs,500,0.1,1,2376.0089999996126,42257656,True,999,225020,225020,
sparse,dfs,500,0.1,1,1412.7717998344451,24832504,True,7375,132260,142997,
sparse,dijkstra,500,0.1,1,4002.2696000523865,59001944,True,999,225020,225020,998
sparse,astar,500,0.1,1,3607.2663001250476,57737136,True,999,189340,192488,998
sparse,bfs,500,0.1,2,2416.6288000997156,42256856,True,999,225232,225233,
sparse,dfs,500,0.1,2,381.22910005040467,10711600,True,6635,36172,45857,
sparse,dijkstra,500,0.1,2,3998.193999985233,59001720,True,999,225232,225233,998
sparse,astar,500,0.1,2,3701.229600002989,57424960,True,999,195827,199029,998
sparse,bfs,500,0.1,3,2354.682199889794,42259792,True,999,225069,225069,
sparse,dfs,500,0.1,3,1768.297400092706,42089848,True,5883,170467,179059,
sparse,dijkstra,500,0.1,3,3957.357999868691,59002256,True,999,225069,225069,998
sparse,astar,500,0.1,3,3569.3598999641836,57643392,True,999,191377,194696,998
sparse,bfs,500,0.1,4,2348.4235000796616,42258000,True,999,225166,225166,
sparse,dfs,500,0.1,4,217.98290009610355,6619328,True,6067,20632,29392,
sparse,dijkstra,500,0.1,4,3934.324299916625,59000528,True,999,225166,225166,998
sparse,astar,500,0.1,4,3776.1737001128495,57429696,True,999,196872,200139,998
dense,bfs,500,0.3,0,1630.2048000507057,33924816,True,1001,171699,171699,
dense,dfs,500,0.3,0,1568.4523000381887,34117560,True,3313,167198,169921,
dense,dijkstra,500,0.3,0,2626.7826999537647,43587024,True,1001,171699,171699,1000
dense,astar,500,0.3,0,341.45510010421276,8176144,True,1001,21199,23887,1000
dense,bfs,500,0.3,1,1619.274300057441,33930072,True,1009,171623,171624,
dense,dfs,500,0.3,1,775.2135000191629,16920072,True,3677,83644,86574,
dense,dijkstra,500,0.3,1,2700.983399990946,43629944,True,1009,171623,171624,1008
dense,astar,500,0.3,1,903.779000043869,15196960,True,1009,52767,54940,1008
dense,bfs,500,0.3,2,1642.8801000583917,33917888,False,,172011,172011,
dense,dfs,500,0.3,2,1631.1018001288176,34218416,False,,172011,172011,
dense,dijkstra,500,0.3,2,2656.929000047967,43600032,False,,172011,172011,
dense,astar,500,0.3,2,3119.8754000943154,44301352,False,,181409,172011,
dense,bfs,500,0.3,3,0.0792001374065876,1456,False,,2,2,
dense,dfs,500,0.3,3,0.01929979771375656,696,False,,2,2,
dense,dijkstra,500,0.3,3,0.028899870812892914,920,False,,2,2,
dense,astar,500,0.3,3,0.04340009763836861,920,False,,2,2,
dense,bfs,500,0.3,4,1597.3547999747097,33932064,False,,171674,171674,
dense,dfs,500,0.3,4,1589.588199974969,34106512,False,,171674,171674,
dense,dijkstra,500,0.3,4,2559.08969999291,43707808,False,,171674,171674,
dense,astar,500,0.3,4,3100.4345999099314,44409856,False,,181234,171674,
open,bfs,1000,0.0,0,11734.53739983961,187319992,True,1999,1000000,1000000,
open,dfs,1000,0.0,0,6573.361299932003,195625344,True,499501,501499,1000000,
open,dijkstra,1000,0.0,0,20150.55980021134,260193048,True,1999,1000000,1000000,1998
open,astar,1000,0.0,0,20267.850199947134,260193080,True,1999,1000000,1000000,1998
open,bfs,1000,0.0,1,11612.081400118768,187319960,True,1999,1000000,1000000,
open,dfs,1000,0.0,1,6761.339799966663,195625344,True,499501,501499,1000000,
open,dijkstra,1000,0.0,1,48366.69499985874,260193048,True,1999,1000000,1000000,1998
open,astar,1000,0.0,1,60043.90550008975,260193080,True,1999,1000000,1000000,1998
open,bfs,1000,0.0,2,10410.589500097558,187319960,True,1999,1000000,1000000,
open,dfs,1000,0.0,2,5856.991000007838,195625344,True,499501,501499,1000000,
open,dijkstra,1000,0.0,2,17295.16480001621,260193048,True,1999,1000000,1000000,1998
open,astar,1000,0.0,2,17982.383399968967,260193080,True,1999,1000000,1000000,1998
open,bfs,1000,0.0,3,10432.450599968433,187319960,True,1999,1000000,1000000,
open,dfs,1000,0.0,3,5982.989999931306,195625344,True,499501,501499,1000000,
open,dijkstra,1000,0.0,3,18184.15870005265,260193048,True,1999,1000000,1000000,1998
open,astar,1000,0.0,3,20044.316000072286,260193080,True,1999,1000000,1000000,1998
open,bfs,1000,0.0,4,11059.158799936995,187319960,True,1999,1000000,1000000,
open,dfs,1000,0.0,4,6407.522500026971,195625344,True,499501,501499,1000000,
open,dijkstra,1000,0.0,4,18756.964599946514,260193048,True,1999,1000000,1000000,1998
open,astar,1000,0.0,4,20186.336599988863,260193080,True,1999,1000000,1000000,1998
sparse,bfs,1000,0.1,0,9573.902300093323,176374120,True,1999,899817,899818,
sparse,dfs,1000,0.1,0,262.5439998228103,8036592,True,11777,20348,37853,
sparse,dijkstra,1000,0.1,0,16316.855000099167,246160776,True,1999,899817,899818,1998
sparse,astar,1000,0.1,0,15559.877299936488,240008536,True,1999,774002,785656,1998
sparse,bfs,1000,0.1,1,9573.115299921483,176474920,True,1999,900178,900178,
sparse,dfs,1000,0.1,1,7965.547100175172,177129240,True,12433,747675,765869,
sparse,dijkstra,1000,0.1,1,16264.398500090465,246275624,True,1999,900178,900178,1998
sparse,astar,1000,0.1,1,16304.739899933338,240011760,True,1999,766128,777559,1998
sparse,bfs,1000,0.1,2,9882.425799965858,176392304,True,1999,900145,900145,
sparse,dfs,1000,0.1,2,8362.70339996554,176638992,True,14065,754682,775219,
sparse,dijkstra,1000,0.1,2,18426.3128999155,246185200,True,1999,900145,900145,1998
sparse,astar,1000,0.1,2,17981.092900037766,239425272,True,1999,796197,807934,1998
sparse,bfs,1000,0.1,3,9736.39880004339,176463080,True,1999,900282,900282,
sparse,dfs,1000,0.1,3,208.19970010779798,7657120,True,10759,18668,34671,
sparse,dijkstra,1000,0.1,3,16009.335600072518,246263400,True,1999,900282,900282,1998
sparse,astar,1000,0.1,3,15280.966199934483,239998632,True,1999,766819,778223,1998
sparse,bfs,1000,0.1,4,9465.245599858463,176358440,True,1999,899690,899690,
sparse,dfs,1000,0.1,4,7819.906699936837,176857968,True,10975,749486,765767,
sparse,dijkstra,1000,0.1,4,15894.087200053036,246142152,True,1999,899690,899690,1998
sparse,astar,1000,0.1,4,15516.24789997004,239618824,True,1999,778243,789895,1998
dense,bfs,1000,0.3,0,6651.704999851063,141330048,True,2007,687127,687127,
dense,dfs,1000,0.3,0,6403.729199897498,141567512,True,10509,672199,680420,
dense,dijkstra,1000,0.3,0,11045.632699970156,181836256,True,2007,687127,687127,2006
dense,astar,1000,0.3,0,3649.926300160587,61742976,True,2007,195732,202262,2006
dense,bfs,1000,0.3,1,6869.318299926817,141326432,True,2011,687479,687483,
dense,dfs,1000,0.3,1,178.12910000793636,6618112,True,10479,18697,26815,
dense,dijkstra,1000,0.3,1,11036.757300142199,181855840,True,2011,687479,687483,2010
dense,astar,1000,0.3,1,4476.491200039163,65846448,True,2011,238604,237233,2010
dense,bfs,1000,0.3,2,6789.505300112069,141311608,True,2017,688056,688057,
dense,dfs,1000,0.3,2,1964.6416998002678,43008160,True,11445,209529,218392,
dense,dijkstra,1000,0.3,2,11069.122599903494,181856280,True,2017,688056,688057,2016
dense,astar,1000,0.3,2,4753.602499840781,67313952,True,2017,248778,247379,2016
dense,bfs,1000,0.3,3,0.032300129532814026,1120,False,,1,1,
dense,dfs,1000,0.3,3,0.02150004729628563,360,False,,1,1,
dense,dijkstra,1000,0.3,3,0.018799910321831703,584,False,,1,1,
dense,astar,1000,0.3,3,0.01640012487769127,584,False,,1,1,
dense,bfs,1000,0.3,4,7114.865799900144,141327104,True,2009,687225,687226,
dense,dfs,1000,0.3,4,1219.1928999964148,24618632,True,11689,129941,138934,
dense,dijkstra,1000,0.3,4,10958.981999894604,181842656,True,2009,687225,687226,2008
dense,astar,1000,0.3,4,3871.35300016962,63309264,True,2009,218930,219269,2008
